{"cameraMode":{"drawMode":0,"name":"Shaded","section":"Shading Mode"},"sceneLighting":false,"audioPlay":false,"sceneViewState":{"m_AlwaysRefresh":false,"showFog":false,"showSkybox":false,"showFlares":false,"showImageEffects":false,"showParticleSystems":false,"showVisualEffectGraphs":true,"m_FxEnabled":true},"in2DMode":false,"pivot":{"x":8.761180877685547,"y":0.7425842881202698,"z":-1.2665923833847047},"rotation":{"x":0.0017899920931085945,"y":0.6661208868026733,"z":-0.0015986694488674403,"w":0.7458400130271912},"size":18.163633346557618,"orthographic":false}