{"cameraMode":{"drawMode":0,"name":"Shaded","section":"Shading Mode"},"sceneLighting":false,"audioPlay":false,"sceneViewState":{"m_AlwaysRefresh":false,"showFog":false,"showSkybox":false,"showFlares":false,"showImageEffects":false,"showParticleSystems":false,"showVisualEffectGraphs":true,"m_FxEnabled":true},"in2DMode":false,"pivot":{"x":0.6863179206848145,"y":0.32600003480911257,"z":-0.8355512619018555},"rotation":{"x":-0.0001877871691249311,"y":0.9993829131126404,"z":0.03479261323809624,"w":0.005395224317908287},"size":1.8565505743026734,"orthographic":true}