{"cameraMode":{"drawMode":0,"name":"Shaded","section":"Shading Mode"},"sceneLighting":false,"audioPlay":false,"sceneViewState":{"m_AlwaysRefresh":false,"showFog":false,"showSkybox":false,"showFlares":false,"showImageEffects":false,"showParticleSystems":false,"showVisualEffectGraphs":true,"m_FxEnabled":true},"in2DMode":false,"pivot":{"x":-5.960464477539063e-8,"y":0.015509301796555519,"z":-1.7881393432617188e-7},"rotation":{"x":0.19707350432872773,"y":0.3781672716140747,"z":-0.08274079859256745,"w":0.9007250666618347},"size":0.4173715114593506,"orthographic":false}